{
  "nodes": [
    {
      "op": "null", 
      "name": "data", 
      "inputs": []
    }, 
    {
      "op": "null", 
      "name": "p0", 
      "inputs": []
    }, 
    {
      "op": "tvm_op", 
      "name": "fused_reshape", 
      "attrs": {
        "num_outputs": "1", 
        "num_inputs": "2", 
        "func_name": "fused_reshape", 
        "flatten_data": "0"
      }, 
      "inputs": [
        [
          0, 
          0, 
          0
        ], 
        [
          1, 
          0, 
          0
        ]
      ]
    }, 
    {
      "op": "null", 
      "name": "p1", 
      "inputs": []
    }, 
    {
      "op": "null", 
      "name": "p2", 
      "inputs": []
    }, 
    {
      "op": "tvm_op", 
      "name": "fused_nn_dense_add_nn_relu_2", 
      "attrs": {
        "num_outputs": "1", 
        "num_inputs": "3", 
        "func_name": "fused_nn_dense_add_nn_relu_2", 
        "flatten_data": "0"
      }, 
      "inputs": [
        [
          2, 
          0, 
          0
        ], 
        [
          3, 
          0, 
          0
        ], 
        [
          4, 
          0, 
          0
        ]
      ]
    }, 
    {
      "op": "null", 
      "name": "p3", 
      "inputs": []
    }, 
    {
      "op": "null", 
      "name": "p4", 
      "inputs": []
    }, 
    {
      "op": "tvm_op", 
      "name": "fused_nn_dense_add_nn_relu_1", 
      "attrs": {
        "num_outputs": "1", 
        "num_inputs": "3", 
        "func_name": "fused_nn_dense_add_nn_relu_1", 
        "flatten_data": "0"
      }, 
      "inputs": [
        [
          5, 
          0, 
          0
        ], 
        [
          6, 
          0, 
          0
        ], 
        [
          7, 
          0, 
          0
        ]
      ]
    }, 
    {
      "op": "null", 
      "name": "p5", 
      "inputs": []
    }, 
    {
      "op": "null", 
      "name": "p6", 
      "inputs": []
    }, 
    {
      "op": "tvm_op", 
      "name": "fused_nn_dense_add_nn_relu", 
      "attrs": {
        "num_outputs": "1", 
        "num_inputs": "3", 
        "func_name": "fused_nn_dense_add_nn_relu", 
        "flatten_data": "0"
      }, 
      "inputs": [
        [
          8, 
          0, 
          0
        ], 
        [
          9, 
          0, 
          0
        ], 
        [
          10, 
          0, 
          0
        ]
      ]
    }, 
    {
      "op": "null", 
      "name": "p7", 
      "inputs": []
    }, 
    {
      "op": "null", 
      "name": "p8", 
      "inputs": []
    }, 
    {
      "op": "tvm_op", 
      "name": "fused_nn_dense_add", 
      "attrs": {
        "num_outputs": "1", 
        "num_inputs": "3", 
        "func_name": "fused_nn_dense_add", 
        "flatten_data": "0"
      }, 
      "inputs": [
        [
          11, 
          0, 
          0
        ], 
        [
          12, 
          0, 
          0
        ], 
        [
          13, 
          0, 
          0
        ]
      ]
    }, 
    {
      "op": "tvm_op", 
      "name": "fused_squeeze", 
      "attrs": {
        "num_outputs": "1", 
        "num_inputs": "1", 
        "func_name": "fused_squeeze", 
        "flatten_data": "0"
      }, 
      "inputs": [
        [
          14, 
          0, 
          0
        ]
      ]
    }
  ], 
  "arg_nodes": [0, 1, 3, 4, 6, 7, 9, 10, 12, 13], 
  "heads": [
    [
      15, 
      0, 
      0
    ]
  ], 
  "attrs": {
    "dltype": [
      "list_str", 
      [
        "float32", 
        "int32", 
        "float32", 
        "float32", 
        "float32", 
        "float32", 
        "float32", 
        "float32", 
        "float32", 
        "float32", 
        "float32", 
        "float32", 
        "float32", 
        "float32", 
        "float32", 
        "float32"
      ]
    ], 
    "shape": [
      "list_shape", 
      [
        [1, 26], 
        [2], 
        [1, 26], 
        [256, 26], 
        [256], 
        [1, 256], 
        [128, 256], 
        [128], 
        [1, 128], 
        [64, 128], 
        [64], 
        [1, 64], 
        [1, 64], 
        [1], 
        [1, 1], 
        [1]
      ]
    ], 
    "storage_id": [
      "list_int", 
      [
        0, 
        1, 
        2, 
        3, 
        4, 
        5, 
        6, 
        7, 
        2, 
        8, 
        9, 
        5, 
        10, 
        11, 
        12, 
        13
      ]
    ]
  }, 
  "node_row_ptr": [
    0, 
    1, 
    2, 
    3, 
    4, 
    5, 
    6, 
    7, 
    8, 
    9, 
    10, 
    11, 
    12, 
    13, 
    14, 
    15, 
    16
  ]
}