{
  "nodes": [
    {
      "op": "null", 
      "name": "data", 
      "inputs": []
    }, 
    {
      "op": "null", 
      "name": "p0", 
      "inputs": []
    }, 
    {
      "op": "tvm_op", 
      "name": "fused_reshape", 
      "attrs": {
        "num_outputs": "1", 
        "num_inputs": "2", 
        "func_name": "fused_reshape", 
        "flatten_data": "0"
      }, 
      "inputs": [
        [
          0, 
          0, 
          0
        ], 
        [
          1, 
          0, 
          0
        ]
      ]
    }, 
    {
      "op": "null", 
      "name": "p1", 
      "inputs": []
    }, 
    {
      "op": "null", 
      "name": "p2", 
      "inputs": []
    }, 
    {
      "op": "tvm_op", 
      "name": "fused_nn_dense_add_nn_relu_2", 
      "attrs": {
        "num_outputs": "1", 
        "num_inputs": "3", 
        "func_name": "fused_nn_dense_add_nn_relu_2", 
        "flatten_data": "0"
      }, 
      "inputs": [
        [
          2, 
          0, 
          0
        ], 
        [
          3, 
          0, 
          0
        ], 
        [
          4, 
          0, 
          0
        ]
      ]
    }, 
    {
      "op": "null", 
      "name": "p3", 
      "inputs": []
    }, 
    {
      "op": "null", 
      "name": "p4", 
      "inputs": []
    }, 
    {
      "op": "tvm_op", 
      "name": "fused_nn_dense_add_nn_relu_1", 
      "attrs": {
        "num_outputs": "1", 
        "num_inputs": "3", 
        "func_name": "fused_nn_dense_add_nn_relu_1", 
        "flatten_data": "0"
      }, 
      "inputs": [
        [
          5, 
          0, 
          0
        ], 
        [
          6, 
          0, 
          0
        ], 
        [
          7, 
          0, 
          0
        ]
      ]
    }, 
    {
      "op": "null", 
      "name": "p5", 
      "inputs": []
    }, 
    {
      "op": "null", 
      "name": "p6", 
      "inputs": []
    }, 
    {
      "op": "tvm_op", 
      "name": "fused_nn_dense_add_nn_relu", 
      "attrs": {
        "num_outputs": "1", 
        "num_inputs": "3", 
        "func_name": "fused_nn_dense_add_nn_relu", 
        "flatten_data": "0"
      }, 
      "inputs": [
        [
          8, 
          0, 
          0
        ], 
        [
          9, 
          0, 
          0
        ], 
        [
          10, 
          0, 
          0
        ]
      ]
    }, 
    {
      "op": "null", 
      "name": "p7", 
      "inputs": []
    }, 
    {
      "op": "null", 
      "name": "p8", 
      "inputs": []
    }, 
    {
      "op": "tvm_op", 
      "name": "fused_nn_dense_add", 
      "attrs": {
        "num_outputs": "1", 
        "num_inputs": "3", 
        "func_name": "fused_nn_dense_add", 
        "flatten_data": "0"
      }, 
      "inputs": [
        [
          11, 
          0, 
          0
        ], 
        [
          12, 
          0, 
          0
        ], 
        [
          13, 
          0, 
          0
        ]
      ]
    }, 
    {
      "op": "tvm_op", 
      "name": "fused_nn_softmax", 
      "attrs": {
        "num_outputs": "1", 
        "num_inputs": "1", 
        "func_name": "fused_nn_softmax", 
        "flatten_data": "0"
      }, 
      "inputs": [
        [
          14, 
          0, 
          0
        ]
      ]
    }, 
    {
      "op": "tvm_op", 
      "name": "fused_argmax", 
      "attrs": {
        "num_outputs": "1", 
        "num_inputs": "1", 
        "func_name": "fused_argmax", 
        "flatten_data": "0"
      }, 
      "inputs": [
        [
          14, 
          0, 
          0
        ]
      ]
    }, 
    {
      "op": "null", 
      "name": "p9", 
      "inputs": []
    }, 
    {
      "op": "null", 
      "name": "p10", 
      "inputs": []
    }, 
    {
      "op": "null", 
      "name": "p11", 
      "inputs": []
    }, 
    {
      "op": "null", 
      "name": "p12", 
      "inputs": []
    }, 
    {
      "op": "tvm_op", 
      "name": "fused_strided_slice_reshape", 
      "attrs": {
        "num_outputs": "1", 
        "num_inputs": "5", 
        "func_name": "fused_strided_slice_reshape", 
        "flatten_data": "0"
      }, 
      "inputs": [
        [
          16, 
          0, 
          0
        ], 
        [
          17, 
          0, 
          0
        ], 
        [
          18, 
          0, 
          0
        ], 
        [
          19, 
          0, 
          0
        ], 
        [
          20, 
          0, 
          0
        ]
      ]
    }
  ], 
  "arg_nodes": [
    0, 
    1, 
    3, 
    4, 
    6, 
    7, 
    9, 
    10, 
    12, 
    13, 
    17, 
    18, 
    19, 
    20
  ], 
  "heads": [
    [
      15, 
      0, 
      0
    ], 
    [
      21, 
      0, 
      0
    ]
  ], 
  "attrs": {
    "dltype": [
      "list_str", 
      [
        "float32", 
        "int32", 
        "float32", 
        "float32", 
        "float32", 
        "float32", 
        "float32", 
        "float32", 
        "float32", 
        "float32", 
        "float32", 
        "float32", 
        "float32", 
        "float32", 
        "float32", 
        "float32", 
        "int32", 
        "int32", 
        "int32", 
        "int32", 
        "int32", 
        "int32"
      ]
    ], 
    "shape": [
      "list_shape", 
      [
        [1, 4], 
        [2], 
        [1, 4], 
        [10, 4], 
        [10], 
        [1, 10], 
        [20, 10], 
        [20], 
        [1, 20], 
        [10, 20], 
        [10], 
        [1, 10], 
        [2, 10], 
        [2], 
        [1, 2], 
        [1, 2], 
        [1], 
        [1], 
        [1], 
        [1], 
        [2], 
        [1, 1]
      ]
    ], 
    "storage_id": [
      "list_int", 
      [
        0, 
        1, 
        2, 
        3, 
        4, 
        5, 
        6, 
        7, 
        2, 
        8, 
        9, 
        5, 
        10, 
        11, 
        2, 
        5, 
        12, 
        13, 
        14, 
        15, 
        16, 
        17
      ]
    ]
  }, 
  "node_row_ptr": [
    0, 
    1, 
    2, 
    3, 
    4, 
    5, 
    6, 
    7, 
    8, 
    9, 
    10, 
    11, 
    12, 
    13, 
    14, 
    15, 
    16, 
    17, 
    18, 
    19, 
    20, 
    21, 
    22
  ]
}